Workbook

Sheet Sheet1
A1: TransactionID | B1: Product_ID | C1: Product_Name | D1: Quantity | E1: Unit price | F1: Total Price
A2: T-1001 | B2: P-101 | C2: =VLOOKUP(B2,Sheet2!$A$1:$C$6, 2, FALSE) -> Wireless Keyboard | D2: 5 | E2: =VLOOKUP(B2,Sheet2!$A$1:$C$6,3,FALSE) -> 25 | F2: =D2*E2 -> 125
A3: T-1002 | B3: P-103 | C3: =VLOOKUP(B3,Sheet2!$A$1:$C$6, 2, FALSE) -> 24-inch Monitor | D3: 2 | E3: =VLOOKUP(B3,Sheet2!$A$1:$C$6,3,FALSE) -> 180 | F3: =D3*E3 -> 360
A4: T-1003 | B4: P-101 | C4: =VLOOKUP(B4,Sheet2!$A$1:$C$6, 2, FALSE) -> Wireless Keyboard | D4: 1 | E4: =VLOOKUP(B4,Sheet2!$A$1:$C$6,3,FALSE) -> 25 | F4: =D4*E4 -> 25
A5: T-1004 | B5: P-105 | C5: =VLOOKUP(B5,Sheet2!$A$1:$C$6, 2, FALSE) -> USB-C Hub | D5: 10 | E5: =VLOOKUP(B5,Sheet2!$A$1:$C$6,3,FALSE) -> 55 | F5: =D5*E5 -> 550
A6: T-1005 | B6: P-102 | C6: =VLOOKUP(B6,Sheet2!$A$1:$C$6, 2, FALSE) -> Gaming Mouse | D6: 4 | E6: =VLOOKUP(B6,Sheet2!$A$1:$C$6,3,FALSE) -> 45 | F6: =D6*E6 -> 180
A7: T-1006 | B7: P-104 | C7: =VLOOKUP(B7,Sheet2!$A$1:$C$6, 2, FALSE) -> Laptop Stand | D7: 3 | E7: =VLOOKUP(B7,Sheet2!$A$1:$C$6,3,FALSE) -> 30 | F7: =D7*E7 -> 90
A8: T-1007 | B8: P-103 | C8: =VLOOKUP(B8,Sheet2!$A$1:$C$6, 2, FALSE) -> 24-inch Monitor | D8: 2 | E8: =VLOOKUP(B8,Sheet2!$A$1:$C$6,3,FALSE) -> 180 | F8: =D8*E8 -> 360
A9: T-1008 | B9: P-105 | C9: =VLOOKUP(B9,Sheet2!$A$1:$C$6, 2, FALSE) -> USB-C Hub | D9: 1 | E9: =VLOOKUP(B9,Sheet2!$A$1:$C$6,3,FALSE) -> 55 | F9: =D9*E9 -> 55
A10: T-1009 | B10: P-102 | C10: =VLOOKUP(B10,Sheet2!$A$1:$C$6, 2, FALSE) -> Gaming Mouse | D10: 6 | E10: =VLOOKUP(B10,Sheet2!$A$1:$C$6,3,FALSE) -> 45 | F10: =D10*E10 -> 270
A11: T-1010 | B11: P-104 | C11: =VLOOKUP(B11,Sheet2!$A$1:$C$6, 2, FALSE) -> Laptop Stand | D11: 2 | E11: =VLOOKUP(B11,Sheet2!$A$1:$C$6,3,FALSE) -> 30 | F11: =D11*E11 -> 60

Sheet Sheet2
A1: Product_ID | B1: Product_Name | C1: Unit_Price
A2: P-101 | B2: Wireless Keyboard | C2: 25
A3: P-102 | B3: Gaming Mouse | C3: 45
A4: P-103 | B4: 24-inch Monitor | C4: 180
A5: P-104 | B5: Laptop Stand | C5: 30
A6: P-105 | B6: USB-C Hub | C6: 55
